{
  "Format": "2.0.0",
  "Changes": [
    {
      "LogName": "More Lively Quarry Overhaul patch for Dam",
      "Action": "EditMap",
      "Target": "Maps/Mountain",
      "FromFile": "assets/MLQO_DamEntry.tmx",
      "FromArea": {
        "X": 0,
        "Y": 0,
        "Width": 4,
        "Height": 9
      },
      "ToArea": {
        "X": 127,
        "Y": 6,
        "Width": 4,
        "Height": 9
      },
      "PatchMode": "Replace",
      "When": {
        "HasMod |contains=Aimon111.MoreLivelyQuarryOverhaul": true,
        "HasMod |contains=Tikamin557.dam": true
      }
    }
  ]
}