{
	"Name": "HedgehogFast_WA",
	"Type": "Walking",
	"EnableSpawnAtDayStart": false,
	"EnableCharacterCollision": false,
	"EnableFarmerCollision": false,
	"TravelSpeed": 8,
	"MaxIdleDistance": -1,
	"MaxDistanceBeforeTeleport": -1,
	"IdleBehavior": "Wander",
	"FrameSizeWidth": 32,
	"FrameSizeHeight": 32,

	// This plays when the companion travels upwards
	"UpAnimation": {
		"StartingFrame": 8,
		"NumberOfFrames": 4,
		"Duration": 100,
    "IdleAnimation": {
		"ManualFrames": [
		{
        "Frame": 8,
        "Duration": 3000,
		},
		{
        "Frame": 24,
        "Duration": 100,
		},
		{
        "Frame": 25,
        "Duration": 100,
		},
		{
        "Frame": 26,
        "Duration": 100,
		},
		{
        "Frame": 27,
        "Duration": 1000,
		},
		{
        "Frame": 26,
        "Duration": 100,
		},
		{
        "Frame": 25,
        "Duration": 100,
		},
		{
        "Frame": 24,
        "Duration": 100,
		},
    ],
    }
  },
	// This plays when the companion travels downwards
	"DownAnimation": {
		"StartingFrame": 0,
		"NumberOfFrames": 4,
		"Duration": 100,
    "IdleAnimation": {
		"ManualFrames": [
		{
        "Frame": 0,
        "Duration": 3000,
		},
		{
        "Frame": 12,
        "Duration": 100,
		},
		{
        "Frame": 13,
        "Duration": 100,
		},
		{
        "Frame": 12,
        "Duration": 100,
		},
		{
        "Frame": 14,
        "Duration": 100,
		},
		{
        "Frame": 12,
        "Duration": 100,
		},
		{
        "Frame": 13,
        "Duration": 100,
		},
		{
        "Frame": 12,
        "Duration": 100,
		},
		{
        "Frame": 14,
        "Duration": 100,
		},
		{
        "Frame": 12,
        "Duration": 100,
		},
    ],
    }
  },
	// This plays when the companion travels left
	"LeftAnimation": {
		"ManualFrames": [
		{
		"Frame": 4,
		"Duration": 100,
		"Flip": true
		},
		{
		"Frame": 5,
		"Duration": 100,
		"Flip": true
		},
		{
		"Frame": 6,
		"Duration": 100,
		"Flip": true
		},
		{
		"Frame": 7,
		"Duration": 100,
		"Flip": true
		}
		],
    "IdleAnimation": {
		"ManualFrames": [
		{
        "Frame": 4,
        "Duration": 3000,
		"Flip": true
		},
		{
        "Frame": 20,
        "Duration": 100,
		"Flip": true
		},
		{
        "Frame": 21,
        "Duration": 250,
		"Flip": true
		},
		{
        "Frame": 22,
        "Duration": 250,
		"Flip": true
		},
		{
        "Frame": 21,
        "Duration": 250,
		"Flip": true
		},
		{
        "Frame": 22,
        "Duration": 250,
		"Flip": true
		},
		{
        "Frame": 21,
        "Duration": 250,
		"Flip": true
		},
		{
        "Frame": 22,
        "Duration": 250,
		"Flip": true
		},
		{
        "Frame": 21,
        "Duration": 250,
		"Flip": true
		},
		{
        "Frame": 20,
        "Duration": 100,
		"Flip": true
		},
    ],
    }
  },
	// This plays when the companion travels right
	"RightAnimation": {
		"StartingFrame": 4,
		"NumberOfFrames": 4,
		"Duration": 100,
    "IdleAnimation": {
		"ManualFrames": [
		{
        "Frame": 4,
        "Duration": 3000,
		},
		{
        "Frame": 20,
        "Duration": 100,
		},
		{
        "Frame": 21,
        "Duration": 250,
		},
		{
        "Frame": 22,
        "Duration": 250,
		},
		{
        "Frame": 21,
        "Duration": 250,
		},
		{
        "Frame": 22,
        "Duration": 250,
		},
		{
        "Frame": 21,
        "Duration": 250,
		},
		{
        "Frame": 22,
        "Duration": 250,
		},
		{
        "Frame": 21,
        "Duration": 250,
		},
		{
        "Frame": 20,
        "Duration": 100,
		},
    ],
    }
  },

"Sounds": [
	{
	"SoundName": "moneyDial",
	"WhenToPlay": "Idle",
	"TimeBetweenSound": 5000,
	"ChanceOfPlaying": 0.1
	}
]  
}