{
	"Name": "TurtleHatchling_WA",
	"Type": "Walking",
	"EnableSpawnAtDayStart": false,
	"EnableCharacterCollision": false,
	"EnableFarmerCollision": false,
	"TravelSpeed": 1,
	"MaxIdleDistance": -1,
	"MaxDistanceBeforeTeleport": -1,
	"IdleBehavior": "Wander",
	"FrameSizeWidth": 32,
	"FrameSizeHeight": 32,
	"TileSheetPath": "Characters\\TurtleHatchling_WA",

	// This plays when the companion travels upwards
	"UpAnimation": {
		"StartingFrame": 8,
		"NumberOfFrames": 4,
		"Duration": 350,
    "IdleAnimation": {
		"StartingFrame": 8,
		"NumberOfFrames": 1,
		"Duration": 3000,
    }
  },
	// This plays when the companion travels downwards
	"DownAnimation": {
		"StartingFrame": 0,
		"NumberOfFrames": 4,
		"Duration": 350,
    "IdleAnimation": {
		"StartingFrame": 0,
		"NumberOfFrames": 1,
		"Duration": 3000,
    }
  },
	// This plays when the companion travels left
	"LeftAnimation": {
		"ManualFrames": [
		{
		"Frame": 4,
		"Duration": 350,
		"Flip": true
		},
		{
		"Frame": 5,
		"Duration": 350,
		"Flip": true
		},
		{
		"Frame": 6,
		"Duration": 350,
		"Flip": true
		},
		{
		"Frame": 7,
		"Duration": 350,
		"Flip": true
		}
		],
    "IdleAnimation": {
		"ManualFrames": [
		{
        "Frame": 4,
        "Duration": 3000,
		"Flip": true
		},
    ],
    }
  },
	// This plays when the companion travels right
	"RightAnimation": {
		"StartingFrame": 4,
		"NumberOfFrames": 4,
		"Duration": 350,
    "IdleAnimation": {
		"StartingFrame": 4,
		"NumberOfFrames": 1,
		"Duration": 3000,
    }
  },
}