{
   "Format": "2.0.0",
   
	"ConfigSchema": {
		"Mod enabled": {
			"AllowValues": "true, false",
			"Default": "true"
		},
		"Allow Planting Crops": {
			"AllowValues": "true, false",
			"Default": "true"
		},
	
		"Vanilla Quarry River": {
			"AllowValues": "Water, Dry",
			"Default": "Water"
		},
		
		"Shed": {
			"AllowValues": "true, false",
			"Default": "true"
		},
		 "SVE MistEffects": {
			"AllowValues": "true, false",
			"Default": "true"
		},

	},
	

	
	
   
   "Changes": 
   [
   
   
   
   
   
   
   
   //sve mist compat patch
   
   
   
    { 
            "Action": "EditMap",
            "Target": "Maps/Mountain",
            "FromFile": "assets/quarrymistsve.tmx",
			   "PatchMode": "Overlay",
			      //"Update": "OnTimeChange",
				    "Priority": "Late",
            "When": {
                "SVE MistEffects": "true",
				 "HasMod |contains=FlashShifter.StardewValleyExpandedCP": true,
                "Weather": "Rain, Storm" },
            
			 "FromArea": {
                "X": 89,
                "Y": 0,
                "Width": 51,
                "Height": 41
            },
            "ToArea": {
                "X": 89,
                "Y": 0,
                "Width": 51,
                "Height": 41
            },
        },
		
		
		
   {
        "Action": "Load",
        "Target": "Maps/{{ModId}}_Custom_quarry_shed",
        "FromFile": "assets/Custom_quarry_shed.tmx"
    },
	

    // add location
    {
        "Action": "EditData",
        "Target": "Data/Locations",
        "Entries": {
            "{{ModId}}_Custom_quarry_shed": {
			
				"DisplayName": "Quarry Shed",
				"DefaultArrivalTile": { "X": 7, "Y": 12 },
                "CreateOnLoad": { "MapPath": "Maps/{{ModId}}_Custom_quarry_shed",
							"Type": "StardewValley.Locations.DecoratableLocation",	},
			
        },
    },
   },
   
   
   //----------------------MOUNTAIN MAP EDITS
   
   
   
   {//vanilladry
         "Action": "EditMap",
         "Target": "Maps/Mountain",
         "FromFile": "assets/Mountain_main_edit.tmx",
		 "FromArea": { "X": 89, "Y": 0, "Width": 51, "Height": 41 },
         "ToArea": { "X": 89, "Y": 0, "Width": 51, "Height": 41 },
		 "PatchMode": "Replace",
		  "When": {
                "Mod enabled": true,
				"Vanilla Quarry River": "Dry",
				"HasMod |contains=FlashShifter.StardewValleyExpandedCP": false,
				//"HasMod |contains=DaisyNiko.SVR3": false,
            },		 
        },
   
    {//vanill wet
         "Action": "EditMap",
         "Target": "Maps/Mountain",
         "FromFile": "assets/Mountain_main_edit_wet.tmx",
		 "FromArea": { "X": 89, "Y": 0, "Width": 51, "Height": 41 },
         "ToArea": { "X": 89, "Y": 0, "Width": 51, "Height": 41 },
		 "PatchMode": "Replace",
		  "When": {
                "Mod enabled": true,
				"Vanilla Quarry River": "Water",
				"HasMod |contains=FlashShifter.StardewValleyExpandedCP": false,

				//"HasMod |contains=DaisyNiko.SVR3": false,
            },		 
        },
		
		//------------------SVE
		
		 {//svewet
         "Action": "EditMap",
         "Target": "Maps/Mountain",
         "FromFile": "assets/Mountain_sve_edit_wet.tmx",
		 "FromArea": { "X": 89, "Y": 0, "Width": 51, "Height": 41 },
         "ToArea": { "X": 89, "Y": 0, "Width": 51, "Height": 41 },
		 "PatchMode": "Replace",
		  "When": {
                "Mod enabled": true,
				"HasMod |contains=FlashShifter.StardewValleyExpandedCP": true,
				"HasMod |contains=DaisyNiko.SVR3": false,
            },		 
        },
		
		
		
		
		
		//---------------BRIDGEFIX

    {//vanill bridge  fixed wet
         "Action": "EditMap",
         "Target": "Maps/Mountain-BridgeFixed",
         "FromFile": "assets/Mountain_bridge_fixed_wet_patch.tmx",
		 "PatchMode": "Replace",
		  "When": {
                "Mod enabled": true,
				"Vanilla Quarry River": "Water",
				
            },		 
        },
		
		 {//vanill wet when bridge fixed
         "Action": "EditMap",
         "Target": "Maps/Mountain",
        "FromFile": "assets/Mountain_bridge_fixed_wet_patch.tmx",
         "ToArea": { "X": 92, "Y": 24, "Width": 8, "Height": 10 },
		 "PatchMode": "Replace",
		  "When": {
                "Mod enabled": true,
				"Vanilla Quarry River": "Water",
				"HasFlag": "ccCraftsRoom",
				
            },		 
        },
		
		
   {//noshed
         "Action": "EditMap",
         "Target": "Maps/Mountain",
         "FromFile": "assets/Mountain_noshed.tmx",
         "ToArea": { "X": 104, "Y": 0, "Width": 18, "Height": 9 },

		 "PatchMode": "Replace",
		  "When": {
                "Mod enabled": true,
				"Shed": false,
				
            },		 
        },
   
   
   //------------------WARPS&PROPERTIES
   
   {
        "Action": "EditMap",
        "Target": "Maps/Mountain",
		 "Update": "OnTimeChange",
		 "When": {
                "Shed": true,	
            },	
        "MapTiles": [
          {
            "Position": {"X": 109, "Y": 7},
            "Layer": "Buildings",

            "SetProperties": { "Action": "Warp 7 12 {{ModId}}_Custom_quarry_shed" },
			 
          }
        ],
        },
	  
    { //trees and crops
    "Action": "EditMap",
    "Target": "Maps/Mountain",
	"MapProperties": {
     "AllowGrassSurviveInWinter": "t",
	  "IsFarm": "t",
	  "ForceAllowTreePlanting": "t",
		},
	"When": { 
		"Mod Enabled": "true", 
		"Allow Planting Crops": "true", 
		},	
    },
	
	

   ]
}

