{
	"Changes": [
		{
			"Action": "Load",
			"Target": "Mods/DwarvenExpansion/Buildings/CaveShed",
			"FromFile": "assets/Buildings/CaveShed/texture.png"
		},
		{
			"Action": "EditData",
			"Target": "Data/Buildings",
			"Entries": {
				"{{ModId}}_CaveShed": {
					"Name": "{{i18n:CaveShed.Name}}",
					"Description": "{{i18n:CaveShed.Description}}",
					"Texture": "Mods/DwarvenExpansion/Buildings/CaveShed",
					"SourceRect": {
						"X": 0,
						"Y": 0,
						"Width": 112,
						"Height": 96
					},
					"SeasonOffset": {
						"X": 112,
						"Y": 0
					},
					"DrawOffset": "0,0",
					"SortTileOffset": 0.0,
					"FadeWhenBehind": true,
					"Size": {
						"X": 7,
						"Y": 3
					},
					"UpgradeSignTile": "3, 2",
					"UpgradeSignHeight": 28.0,
					"Builder": "Robin",
					"BuildCondition": null,
					"BuildDays": 3,
					"BuildCost": 12000,
					"BuildMaterials": [
						{
							"ItemId": "(O)390",
							"Amount": 300
						}
					],
					"MagicalConstruction": false,
					"BuildMenuDrawOffset": {
						"X": 0,
						"Y": 0
					},
					"HumanDoor": {
						"X": 3,
						"Y": 2
					},
					"AnimalDoor": {
						"X": -1,
						"Y": -1,
						"Width": 0,
						"Height": 0
					},
					"CollisionMap": null,
					"AnimalDoorOpenDuration": 0.0,
					"AnimalDoorOpenSound": null,
					"AnimalDoorCloseDuration": 0.0,
					"AnimalDoorCloseSound": null,
					"NonInstancedIndoorLocation": null,
					"IndoorMap": "{{ModId}}_Locations_ShedCave",
					"IndoorMapType": "StardewValley.Shed",
					"MaxOccupants": 20,
					"ValidOccupantTypes": [],
					"AllowAnimalPregnancy": false,
					"IndoorItemMoves": null,
					"IndoorItems": null,
					"AddMailOnBuild": null,
					"Metadata": {},
					"ModData": {},
					"HayCapacity": 0,
					"Chests": null,
					"DefaultAction": null,
					"AdditionalTilePropertyRadius": 0,
					"AllowsFlooringUnderneath": true,
					"ActionTiles": [],
					"TileProperties": [],
					"ItemConversions": null,
					"DrawLayers": null,
					"CustomFields": null
				}
			}
		}
	]
}