{
    "Changes": [
        {
            "Action": "EditData",
            "Target": "Data/Events/Mine",
            "Entries": {
                "{{ModID}}_Scroll_1/DaysPlayed 12/Skill Mining 2/Tile 18 13/FreeInventorySlots 1/": "Upper_Ambient/18 7/farmer 18 13 0 Dwarf 18 7 3/setSkipActions addItem (O)96/skippable/addObject 17 6 96 0/move Dwarf -1 0 left/move Dwarf 0 0 up/pause 1500/move Dwarf -1 0 left/move Dwarf 0 -1 up/move Dwarf 0 0 right/emote Dwarf 8/pause 1500/move Dwarf 0 -1 up/move Dwarf 1 0 right/move Dwarf 0 0 down/speak Dwarf \"{{i18n:Dialog.Dwarf.Event.Scroll_1_1}}\"/pause 500/move Dwarf 1 0 right/move Dwarf 0 4 down/pause 100/emote Dwarf 16/jump Dwarf/speak Dwarf \"{{i18n:Dialog.Dwarf.Event.Scroll_1_2}}\"/pause 200/jump Dwarf/speed Dwarf 6/move Dwarf 5 0 right/warp Dwarf 100 100/pause 500/move farmer 0 -6 up/move farmer 0 0 left/removeObject 17 6/itemAboveHead (O)96/additem (O)96/playSound getNewSpecialItem/pause 2500/end position 18 6",
                "{{ModID}}_Scroll_2/DaysPlayed 38/Season Summer/SawEvent {{ModID}}_Scroll_1/Skill Mining 3/Tile 23 8/FreeInventorySlots 1/": "Upper_Ambient/18 7/farmer 23 8 0 Dwarf 17 4 2/setSkipActions addItem (O)97/skippable/move Dwarf 0 4 down/move farmer 0 0 left/move Dwarf 5 0 right/pause 1000/speak Dwarf \"{{i18n:Dialog.Dwarf.Event.Scroll_2_1}}\"/itemAboveHead (O)97/additem (O)97/playSound getNewSpecialItem/pause 2500/speed Dwarf 6/move Dwarf -4 0 left/speed Dwarf 6/move Dwarf 0 5 down/warp Dwarf 100 100/pause 2500/end",
                "{{ModID}}_Scroll_3/DaysPlayed 62/Season Fall/SawEvent {{ModID}}_Scroll_2/Skill Mining 4/Tile 17 4/FreeInventorySlots 1/": "Upper_Ambient/18 7/farmer 17 4 2 Dwarf 25 8 1/setSkipActions addItem (O)98/skippable/pause 500/move Dwarf -4 0 left/pause 500/move Dwarf 1 0 right/pause 1500/move Dwarf -2 0 left/addObject 19 8 98 0/emote Dwarf 32/pause 1000/move Dwarf 3 0 right/faceDirection Dwarf down/pause 500/move Dwarf 0 1 down/warp Dwarf 100 100/pause 1500/move farmer 0 4 down/move farmer 1 0 right/pause 1000/removeObject 19 8/itemAboveHead (O)98/additem (O)98/playSound getNewSpecialItem/pause 2500/end position 18 8",
                "{{ModID}}_Scroll_4/DaysPlayed 91/Season Winter/SawEvent {{ModID}}_Scroll_3/Skill Mining 5/Tile 18 13/FreeInventorySlots 1/": "Upper_Ambient/18 7/farmer 18 13 0 Dwarf 25 8 1/setSkipActions addItem (O)99/skippable/move Dwarf -7 0 left/move farmer 0 -4 up true/faceDirection Dwarf down/pause 1500/emote Dwarf 32/speak Dwarf \"{{i18n:Dialog.Dwarf.Event.Scroll_4_1}}\"/speak Dwarf \"{{i18n:Dialog.Dwarf.Event.Scroll_4_2}}\"/itemAboveHead (O)99/additem (O)99/playSound getNewSpecialItem/move Dwarf 5 0 right/move Dwarf 0 1 down/warp Dwarf 100 100/pause 1500/end position 18 9"
            },
            "When": {
                "HasTranslationGuide": "false"
            }
        }
    ]
}