{
  "Name": "HarvestFairy_WA",
  "Type": "Flying",
	"EnableSpawnAtDayStart": false,
  "EnableCharacterCollision": false,
  "EnableFarmerCollision": false,
  "TravelSpeed": 1,
  "SpawnOffsetX": 0,
  "SpawnOffsetY": 0,
  "MaxIdleDistance": -1,
  "MaxDistanceBeforeTeleport": -1,
  "IdleBehavior": "Wander",
  "IsPrismatic": false,
  "AppearUnderwater": false,
  "FrameSizeWidth": 16,
  "FrameSizeHeight": 16,

  // This plays when the companion travels upwards
  "UpAnimation": {
    "StartingFrame": 8,
    "NumberOfFrames": 4,
    "Duration": 75,

    "IdleAnimation": {
      "StartingFrame": 8,
      "NumberOfFrames": 4,
      "Duration": 75
    }
  },

  // This plays when the companion travels downwards
  "DownAnimation": {
    "StartingFrame": 0,
    "NumberOfFrames": 4,
    "Duration": 75,

    "IdleAnimation": {
      "StartingFrame": 0,
      "NumberOfFrames": 4,
      "Duration": 75
    }
  },

  // This plays when the companion travels left
  "LeftAnimation": {
    "StartingFrame": 12,
    "NumberOfFrames": 4,
    "Duration": 75,

    "IdleAnimation": {
      "StartingFrame": 12,
      "NumberOfFrames": 4,
      "Duration": 75
    }
  },

  // This plays when the companion travels right
  "RightAnimation": {
    "StartingFrame": 4,
    "NumberOfFrames": 4,
    "Duration": 75,

    "IdleAnimation": {
      "StartingFrame": 4,
      "NumberOfFrames": 4,
      "Duration": 75
    }
  },

"Sounds": [
  {
    "SoundName": "yoba",
    "WhenToPlay": "Idle",
    "TimeBetweenSound": 5000,
    "ChanceOfPlaying": 0.3
  }
]  
}