{
    "Changes": [
        {
            "Action": "EditData",
            "Target": "Data/Machines",
            "TargetField": [
                "(BC)mytigio.dwarven_expansion_JewelryMaker",
                "OutputRules",
                "Jewelry",
                "OutputItem"
            ],
            "Entries": {
                "Jewelry_B_Zircon": {
                    "Id": "Jewelry_B_Zircon",
                    "ItemId": "{{ModId}}_Jewelry_B_Zircon",
                    "CopyPrice": true,
                    "CopyQuality": true,
                    "Condition": "ITEM_ID Input (O)Solariaze.Geology_Zircon",
                    "PriceModifiers": [
                        {
                            "ID": "increase_base_for_gold_bar",
                            "Modification": "Add",
                            "Amount": 250
                        },
                        {
                            "ID": "multiply",
                            "Modification": "Multiply",
                            "Amount": 3.00
                        }
                    ]
                },
                "Jewelry_B_Halite": {
                    "Id": "Jewelry_B_Halite",
                    "ItemId": "{{ModId}}_Jewelry_B_Halite",
                    "CopyPrice": true,
                    "CopyQuality": true,
                    "Condition": "ITEM_ID Input (O)Solariaze.Geology_Halite",
                    "PriceModifiers": [
                        {
                            "ID": "increase_base_for_gold_bar",
                            "Modification": "Add",
                            "Amount": 250
                        },
                        {
                            "ID": "multiply",
                            "Modification": "Multiply",
                            "Amount": 3.00
                        }
                    ]
                },
                "Jewelry_B_Olivine": {
                    "Id": "Jewelry_B_Olivine",
                    "ItemId": "{{ModId}}_Jewelry_B_Olivine",
                    "CopyPrice": true,
                    "CopyQuality": true,
                    "Condition": "ITEM_ID Input (O)Solariaze.Geology_Olivine",
                    "PriceModifiers": [
                        {
                            "ID": "increase_base_for_gold_bar",
                            "Modification": "Add",
                            "Amount": 250
                        },
                        {
                            "ID": "multiply",
                            "Modification": "Multiply",
                            "Amount": 3.00
                        }
                    ]
                },
                "Jewelry_B_Prismatic_Pieces": {
                    "Id": "Jewelry_B_Prismatic_Pieces",
                    "ItemId": "{{ModId}}_Jewelry_B_Prismatic_Pieces",
                    "CopyPrice": true,
                    "CopyQuality": true,
                    "Condition": "ITEM_ID Input (O)Solariaze.Geology_Prismatic_Pieces",
                    "PriceModifiers": [
                        {
                            "ID": "increase_base_for_gold_bar",
                            "Modification": "Add",
                            "Amount": 250
                        },
                        {
                            "ID": "multiply",
                            "Modification": "Multiply",
                            "Amount": 3.00
                        }
                    ]
                },
                "Jewelry_B_Vanadinite": {
                    "Id": "Jewelry_B_Vanadinite",
                    "ItemId": "{{ModId}}_Jewelry_B_Vanadinite",
                    "CopyPrice": true,
                    "CopyQuality": true,
                    "Condition": "ITEM_ID Input (O)Solariaze.Geology_Vanadinite",
                    "PriceModifiers": [
                        {
                            "ID": "increase_base_for_gold_bar",
                            "Modification": "Add",
                            "Amount": 250
                        },
                        {
                            "ID": "multiply",
                            "Modification": "Multiply",
                            "Amount": 3.00
                        }
                    ]
                },
                "Jewelry_B_Sapphire": {
                    "Id": "Jewelry_B_Sapphire",
                    "ItemId": "{{ModId}}_Jewelry_B_Sapphire",
                    "CopyPrice": true,
                    "CopyQuality": true,
                    "Condition": "ITEM_ID Input (O)Solariaze.Geology_Sapphire",
                    "PriceModifiers": [
                        {
                            "ID": "increase_base_for_gold_bar",
                            "Modification": "Add",
                            "Amount": 250
                        },
                        {
                            "ID": "multiply",
                            "Modification": "Multiply",
                            "Amount": 3.00
                        }
                    ]
                },
                "Jewelry_B_Lapis_Lazuli": {
                    "Id": "Jewelry_B_Lapis_Lazuli",
                    "ItemId": "{{ModId}}_Jewelry_B_Lapis_Lazuli",
                    "CopyPrice": true,
                    "CopyQuality": true,
                    "Condition": "ITEM_ID Input (O)Solariaze.Geology_Lapis_Lazuli",
                    "PriceModifiers": [
                        {
                            "ID": "increase_base_for_gold_bar",
                            "Modification": "Add",
                            "Amount": 250
                        },
                        {
                            "ID": "multiply",
                            "Modification": "Multiply",
                            "Amount": 3.00
                        }
                    ]
                },
                "Jewelry_B_Rhodochrosite": {
                    "Id": "Jewelry_B_Rhodochrosite",
                    "ItemId": "{{ModId}}_Jewelry_B_Rhodochrosite",
                    "CopyPrice": true,
                    "CopyQuality": true,
                    "Condition": "ITEM_ID Input (O)Solariaze.Geology_Rhodochrosite",
                    "PriceModifiers": [
                        {
                            "ID": "increase_base_for_gold_bar",
                            "Modification": "Add",
                            "Amount": 250
                        },
                        {
                            "ID": "multiply",
                            "Modification": "Multiply",
                            "Amount": 3.00
                        }
                    ]
                },
                "Jewelry_B_Peridot": {
                    "Id": "Jewelry_B_Peridot",
                    "ItemId": "{{ModId}}_Jewelry_B_Peridot",
                    "CopyPrice": true,
                    "CopyQuality": true,
                    "Condition": "ITEM_ID Input (O)Solariaze.Geology_Peridot",
                    "PriceModifiers": [
                        {
                            "ID": "increase_base_for_gold_bar",
                            "Modification": "Add",
                            "Amount": 250
                        },
                        {
                            "ID": "multiply",
                            "Modification": "Multiply",
                            "Amount": 3.00
                        }
                    ]
                },
                "Jewelry_B_Onyx": {
                    "Id": "Jewelry_B_Onyx",
                    "ItemId": "{{ModId}}_Jewelry_B_Onyx",
                    "CopyPrice": true,
                    "CopyQuality": true,
                    "Condition": "ITEM_ID Input (O)Solariaze.Geology_Onxy",
                    "PriceModifiers": [
                        {
                            "ID": "increase_base_for_gold_bar",
                            "Modification": "Add",
                            "Amount": 250
                        },
                        {
                            "ID": "multiply",
                            "Modification": "Multiply",
                            "Amount": 3.00
                        }
                    ]
                },
                "Jewelry_B_Sunstone": {
                    "Id": "Jewelry_B_Sunstone",
                    "ItemId": "{{ModId}}_Jewelry_B_Sunstone",
                    "CopyPrice": true,
                    "CopyQuality": true,
                    "Condition": "ITEM_ID Input (O)Solariaze.Geology_Sunstone",
                    "PriceModifiers": [
                        {
                            "ID": "increase_base_for_gold_bar",
                            "Modification": "Add",
                            "Amount": 250
                        },
                        {
                            "ID": "multiply",
                            "Modification": "Multiply",
                            "Amount": 3.00
                        }
                    ]
                }
            }
        }
    ]
}