{
    "Changes": [
        {
            "Action": "EditData",
            "Target": "Data/Objects",
            "TargetField": [
                "Solariaze.Geology_Prismatic_Pieces",
                "ContextTags"
            ],
            "Entries": {
                "#-1": "mytigio.dwarven_expansion_gem_non_dustable"
            }
        },
        {
            "Action": "EditData",
            "Target": "Data/Objects",
            "Entries": {
                "{{ModId}}_Jewelry_B_Zircon": {
                    "Name": "Zircon Bracelet",
                    "DisplayName": "{{i18n:Bracelet.Zircon.DisplayName}}",
                    "Description": "{{i18n:Bracelet.Zircon.Description}}",
                    "Price": 1050,
                    "Type": "Basic",
                    "Category": "-26",
                    "Edibility": -300,
                    "ContextTags": [
                        "{{ModId}}",
                        "mytigio.dwarven_expansion_jewelry",
                        "category_gem",
                        "crystalarium_banned",
                        "not_museum_donatable"
                    ],
                    "Texture": "{{InternalAssetKey: assets/ObjectSpritesheet.png}}",
                    "SpriteIndex": 1
                },
                "{{ModId}}_Jewelry_B_Halite": {
                    "Name": "Halite Bracelet",
                    "DisplayName": "{{i18n:Bracelet.Halite.DisplayName}}",
                    "Description": "{{i18n:Bracelet.Halite.Description}}",
                    "Price": 915,
                    "Type": "Basic",
                    "Category": "-26",
                    "Edibility": -300,
                    "ContextTags": [
                        "{{ModId}}",
                        "mytigio.dwarven_expansion_jewelry",
                        "category_gem",
                        "crystalarium_banned",
                        "not_museum_donatable"
                    ],
                    "Texture": "{{InternalAssetKey: assets/ObjectSpritesheet.png}}",
                    "SpriteIndex": 4
                },
                "{{ModId}}_Jewelry_B_Olivine": {
                    "Name": "Olivine Bracelet",
                    "DisplayName": "{{i18n:Bracelet.Olivine.DisplayName}}",
                    "Description": "{{i18n:Bracelet.Olivine.Description}}",
                    "Price": 915,
                    "Type": "Basic",
                    "Category": "-26",
                    "Edibility": -300,
                    "ContextTags": [
                        "{{ModId}}",
                        "mytigio.dwarven_expansion_jewelry",
                        "category_gem",
                        "crystalarium_banned",
                        "not_museum_donatable"
                    ],
                    "Texture": "{{InternalAssetKey: assets/ObjectSpritesheet.png}}",
                    "SpriteIndex": 2
                },
                "{{ModId}}_Jewelry_B_Prismatic_Pieces": {
                    "Name": "Prismatic Pieces Bracelet",
                    "DisplayName": "{{i18n:Bracelet.Prismatic_Pieces.DisplayName}}",
                    "Description": "{{i18n:Bracelet.Prismatic_Pieces.Description}}",
                    "Price": 1005,
                    "Type": "Basic",
                    "Category": "-26",
                    "Edibility": -300,
                    "ContextTags": [
                        "{{ModId}}",
                        "mytigio.dwarven_expansion_jewelry",
                        "category_gem",
                        "crystalarium_banned",
                        "not_museum_donatable"
                    ],
                    "Texture": "{{InternalAssetKey: assets/ObjectSpritesheet.png}}",
                    "SpriteIndex": 0
                },
                "{{ModId}}_Jewelry_B_Vanadinite": {
                    "Name": "Vanadinite Bracelet",
                    "DisplayName": "{{i18n:Bracelet.Vanadinite.DisplayName}}",
                    "Description": "{{i18n:Bracelet.Vanadinite.Description}}",
                    "Price": 1185,
                    "Type": "Basic",
                    "Category": "-26",
                    "Edibility": -300,
                    "ContextTags": [
                        "{{ModId}}",
                        "mytigio.dwarven_expansion_jewelry",
                        "category_gem",
                        "crystalarium_banned",
                        "not_museum_donatable"
                    ],
                    "Texture": "{{InternalAssetKey: assets/ObjectSpritesheet.png}}",
                    "SpriteIndex": 5
                },
                "{{ModId}}_Jewelry_B_Sapphire": {
                    "Name": "Sapphire Bracelet",
                    "DisplayName": "{{i18n:Bracelet.Sapphire.DisplayName}}",
                    "Description": "{{i18n:Bracelet.Sapphire.Description}}",
                    "Price": 1185,
                    "Type": "Basic",
                    "Category": "-26",
                    "Edibility": -300,
                    "ContextTags": [
                        "{{ModId}}",
                        "mytigio.dwarven_expansion_jewelry",
                        "category_gem",
                        "crystalarium_banned",
                        "not_museum_donatable"
                    ],
                    "Texture": "{{InternalAssetKey: assets/ObjectSpritesheet.png}}",
                    "SpriteIndex": 6
                },
                "{{ModId}}_Jewelry_B_Lapis_Lazuli": {
                    "Name": "Lapis Lazuli Bracelet",
                    "DisplayName": "{{i18n:Bracelet.Lapis_Lazuli.DisplayName}}",
                    "Description": "{{i18n:Bracelet.Lapis_Lazuli.Description}}",
                    "Price": 930,
                    "Type": "Basic",
                    "Category": "-26",
                    "Edibility": -300,
                    "ContextTags": [
                        "{{ModId}}",
                        "mytigio.dwarven_expansion_jewelry",
                        "category_gem",
                        "crystalarium_banned",
                        "not_museum_donatable"
                    ],
                    "Texture": "{{InternalAssetKey: assets/ObjectSpritesheet.png}}",
                    "SpriteIndex": 7
                },
                "{{ModId}}_Jewelry_B_Rhodochrosite": {
                    "Name": "Rhodochrosite Bracelet",
                    "DisplayName": "{{i18n:Bracelet.Rhodochrosite.DisplayName}}",
                    "Description": "{{i18n:Bracelet.Rhodochrosite.Description}}",
                    "Price": 1350,
                    "Type": "Basic",
                    "Category": "-26",
                    "Edibility": -300,
                    "ContextTags": [
                        "{{ModId}}",
                        "mytigio.dwarven_expansion_jewelry",
                        "category_gem",
                        "crystalarium_banned",
                        "not_museum_donatable"
                    ],
                    "Texture": "{{InternalAssetKey: assets/ObjectSpritesheet.png}}",
                    "SpriteIndex": 8
                },
                "{{ModId}}_Jewelry_B_Peridot": {
                    "Name": "Peridot Bracelet",
                    "DisplayName": "{{i18n:Bracelet.Peridot.DisplayName}}",
                    "Description": "{{i18n:Bracelet.Peridot.Description}}",
                    "Price": 1020,
                    "Type": "Basic",
                    "Category": "-26",
                    "Edibility": -300,
                    "ContextTags": [
                        "{{ModId}}",
                        "mytigio.dwarven_expansion_jewelry",
                        "category_gem",
                        "crystalarium_banned",
                        "not_museum_donatable"
                    ],
                    "Texture": "{{InternalAssetKey: assets/ObjectSpritesheet.png}}",
                    "SpriteIndex": 9
                },
                "{{ModId}}_Jewelry_B_Onyx": {
                    "Name": "Onyx Bracelet",
                    "DisplayName": "{{i18n:Bracelet.Onyx.DisplayName}}",
                    "Description": "{{i18n:Bracelet.Onyx.Description}}",
                    "Price": 990,
                    "Type": "Basic",
                    "Category": "-26",
                    "Edibility": -300,
                    "ContextTags": [
                        "{{ModId}}",
                        "mytigio.dwarven_expansion_jewelry",
                        "category_gem",
                        "crystalarium_banned",
                        "not_museum_donatable"
                    ],
                    "Texture": "{{InternalAssetKey: assets/ObjectSpritesheet.png}}",
                    "SpriteIndex": 10
                },
                "{{ModId}}_Jewelry_B_Sunstone": {
                    "Name": "Sunstone Bracelet",
                    "DisplayName": "{{i18n:Bracelet.Sunstone.DisplayName}}",
                    "Description": "{{i18n:Bracelet.Sunstone.Description}}",
                    "Price": 1575,
                    "Type": "Basic",
                    "Category": "-26",
                    "Edibility": -300,
                    "ContextTags": [
                        "{{ModId}}",
                        "mytigio.dwarven_expansion_jewelry",
                        "category_gem",
                        "crystalarium_banned",
                        "not_museum_donatable"
                    ],
                    "Texture": "{{InternalAssetKey: assets/ObjectSpritesheet.png}}",
                    "SpriteIndex": 3
                }
            }
        },
        {
            "Action": "EditData",
            "Target": "Data/NPCGiftTastes",
            "TextOperations": [
                {
                    "Operation": "Append",
                    "Target": [
                        "Entries",
                        "Universal_Like"
                    ],
                    "Value": "{{ModId}}_Jewelry_B_Zircon {{ModId}}_Jewelry_B_Halite {{ModId}}_Jewelry_B_Olivine {{ModId}}_Jewelry_B_Prismatic_Pieces {{ModId}}_Jewelry_B_Vanadinite {{ModId}}_Jewelry_B_Sapphire {{ModId}}_Jewelry_B_Lapis_Lazuli {{ModId}}_Jewelry_B_Sunstone {{ModId}}_Jewelry_B_Onyx {{ModId}}_Jewelry_B_Peridot {{ModId}}_Jewelry_B_Rhodochrosite ",
                    "Delimiter": " "
                }
            ]
        }
    ]
}