{
    "Changes": [
        {
            "Action": "EditData",
            "Target": "Data/Machines",
            "TargetField": [
                "(BC)mytigio.dwarven_expansion_JewelryMaker",
                "OutputRules",
                "Jewelry",
                "Triggers"
            ],
            "Entries": {
                "MtVapius_Demantoide_Polished": {
                    "Id": "MtVapius_Demantoide_Polished",
                    "Trigger": "ItemPlacedInMachine",
                    "RequiredItemId": "Lumisteria.MtVapius_Demantoide_Polished",
                    "RequiredCount": 1
                },
                "MtVapius_Carnelian_Polished": {
                    "Id": "MtVapius_Carnelian_Polished",
                    "Trigger": "ItemPlacedInMachine",
                    "RequiredItemId": "Lumisteria.MtVapius_Carnelian_Polished",
                    "RequiredCount": 1
                },
                "MtVapius_Turquoise_Polished": {
                    "Id": "MtVapius_Turquoise_Polished",
                    "Trigger": "ItemPlacedInMachine",
                    "RequiredItemId": "Lumisteria.MtVapius_Turquoise_Polished",
                    "RequiredCount": 1
                },
                "MtVapius_Garnet_Polished": {
                    "Id": "MtVapius_Garnet_Polished",
                    "Trigger": "ItemPlacedInMachine",
                    "RequiredItemId": "Lumisteria.MtVapius_Garnet_Polished",
                    "RequiredCount": 1
                },
                "MtVapius_Morganite_Polished": {
                    "Id": "MtVapius_Morganite_Polished",
                    "Trigger": "ItemPlacedInMachine",
                    "RequiredItemId": "Lumisteria.MtVapius_Morganite_Polished",
                    "RequiredCount": 1
                },
                "MtVapius_Heliodor_Polished": {
                    "Id": "MtVapius_Heliodor_Polished",
                    "Trigger": "ItemPlacedInMachine",
                    "RequiredItemId": "Lumisteria.MtVapius_Heliodor_Polished",
                    "RequiredCount": 1
                },
                "MtVapius_Labradorite_Polished": {
                    "Id": "MtVapius_Labradorite_Polished",
                    "Trigger": "ItemPlacedInMachine",
                    "RequiredItemId": "Lumisteria.MtVapius_Labradorite_Polished",
                    "RequiredCount": 1
                },
                "MtVapius_Diamond_Polished": {
                    "Id": "MtVapius_Diamond_Polished",
                    "Trigger": "ItemPlacedInMachine",
                    "RequiredItemId": "Lumisteria.MtVapius_Diamond_Polished",
                    "RequiredCount": 1
                },
                "MtVapius_Emerald_Polished": {
                    "Id": "MtVapius_Emerald_Polished",
                    "Trigger": "ItemPlacedInMachine",
                    "RequiredItemId": "Lumisteria.MtVapius_Emerald_Polished",
                    "RequiredCount": 1
                },
                "MtVapius_Ruby_Polished": {
                    "Id": "MtVapius_Ruby_Polished",
                    "Trigger": "ItemPlacedInMachine",
                    "RequiredItemId": "Lumisteria.MtVapius_Ruby_Polished",
                    "RequiredCount": 1
                },
                "MtVapius_Amethyst_Polished": {
                    "Id": "MtVapius_Amethyst_Polished",
                    "Trigger": "ItemPlacedInMachine",
                    "RequiredItemId": "Lumisteria.MtVapius_Amethyst_Polished",
                    "RequiredCount": 1
                },
                "MtVapius_SweetGemBerry_Polished": {
                    "Id": "MtVapius_SweetGemBerry_Polished",
                    "Trigger": "ItemPlacedInMachine",
                    "RequiredItemId": "Lumisteria.MtVapius_SweetGemBerry_Polished",
                    "RequiredCount": 1
                },
                "MtVapius_Aquamarine_Polished": {
                    "Id": "MtVapius_Aquamarine_Polished",
                    "Trigger": "ItemPlacedInMachine",
                    "RequiredItemId": "Lumisteria.MtVapius_Aquamarine_Polished",
                    "RequiredCount": 1
                },
                "MtVapius_Topaz_Polished": {
                    "Id": "MtVapius_Topaz_Polished",
                    "Trigger": "ItemPlacedInMachine",
                    "RequiredItemId": "Lumisteria.MtVapius_Topaz_Polished",
                    "RequiredCount": 1
                },
                "MtVapius_Jade_Polished": {
                    "Id": "MtVapius_Jade_Polished",
                    "Trigger": "ItemPlacedInMachine",
                    "RequiredItemId": "Lumisteria.MtVapius_Jade_Polished",
                    "RequiredCount": 1
                },
                "MtVapius_VoidDiamond_Polished": {
                    "Id": "MtVapius_VoidDiamond_Polished",
                    "Trigger": "ItemPlacedInMachine",
                    "RequiredItemId": "Lumisteria.MtVapius_VoidDiamond_Polished",
                    "RequiredCount": 1
                },
                "MtVapius_QuartzGem_Polished": {
                    "Id": "MtVapius_QuartzGem_Polished",
                    "Trigger": "ItemPlacedInMachine",
                    "RequiredItemId": "Lumisteria.MtVapius_QuartzGem_Polished",
                    "RequiredCount": 1
                },
                "MtVapius_Tourmaline_Polished": {
                    "Id": "MtVapius_Tourmaline_Polished",
                    "Trigger": "ItemPlacedInMachine",
                    "RequiredItemId": "Lumisteria.MtVapius_Tourmaline_Polished",
                    "RequiredCount": 1
                },
                "MtVapius_Larimar_Polished": {
                    "Id": "MtVapius_Larimar_Polished",
                    "Trigger": "ItemPlacedInMachine",
                    "RequiredItemId": "Lumisteria.MtVapius_Larimar_Polished",
                    "RequiredCount": 1
                },
                "MtVapius_BlueAgathe_Polished": {
                    "Id": "MtVapius_BlueAgathe_Polished",
                    "Trigger": "ItemPlacedInMachine",
                    "RequiredItemId": "Lumisteria.MtVapius_BlueAgathe_Polished",
                    "RequiredCount": 1
                }
            }
        },
        {
            "Action": "EditData",
            "Target": "Data/Machines",
            "TargetField": [
                "(BC)mytigio.dwarven_expansion_JewelryMaker",
                "OutputRules",
                "Jewelry",
                "OutputItem"
            ],
            "Entries": {
                "MtVapius_Demantoide": {
                    "Id": "MtVapius_Demantoide",
                    "ItemId": "{{ModId}}.Jewelry_B_Demantoide",
                    "CopyPrice": true,
                    "CopyQuality": true,
                    "ObjectInternalName": "{0} Brooch",
                    "Condition": "ITEM_ID Input (O)Lumisteria.MtVapius_Demantoide",
                    "PreserveId": "DROP_IN",
                    "PriceModifiers": [
                        {
                            "ID": "increase_base_for_gold_bar",
                            "Modification": "Add",
                            "Amount": 250
                        },
                        {
                            "ID": "multiply",
                            "Modification": "Multiply",
                            "Amount": 3.00
                        }
                    ]
                },
                "MtVapius_Demantoide_Polished": {
                    "Id": "MtVapius_Demantoide_Polished",
                    "ObjectInternalName": "Polished {0} Brooch",
                    "ItemId": "{{ModId}}.Jewelry_B_Demantoide",
                    "CopyPrice": true,
                    "Quality": 4,
                    "Condition": "ITEM_ID Input (O)Lumisteria.MtVapius_Demantoide_Polished",
                    "PreserveId": "DROP_IN",
                    "PriceModifiers": [
                        {
                            "ID": "increase_base_for_gold_bar",
                            "Modification": "Add",
                            "Amount": 250
                        },
                        {
                            "ID": "multiply",
                            "Modification": "Multiply",
                            "Amount": 3.00
                        }
                    ]
                },
                "MtVapius_Carnelian": {
                    "Id": "MtVapius_Carnelian",
                    "ItemId": "{{ModId}}.Jewelry_B_Carnelian",
                    "CopyPrice": true,
                    "CopyQuality": true,
                    "ObjectInternalName": "{0} Brooch",
                    "Condition": "ITEM_ID Input (O)Lumisteria.MtVapius_Carnelian",
                    "PreserveId": "DROP_IN",
                    "PriceModifiers": [
                        {
                            "ID": "increase_base_for_gold_bar",
                            "Modification": "Add",
                            "Amount": 250
                        },
                        {
                            "ID": "multiply",
                            "Modification": "Multiply",
                            "Amount": 3.00
                        }
                    ]
                },
                "MtVapius_Carnelian_Polished": {
                    "Id": "MtVapius_Carnelian_Polished",
                    "ObjectInternalName": "Polished {0} Brooch",
                    "ItemId": "{{ModId}}.Jewelry_B_Carnelian",
                    "CopyPrice": true,
                    "Quality": 4,
                    "Condition": "ITEM_ID Input (O)Lumisteria.MtVapius_Carnelian_Polished",
                    "PreserveId": "DROP_IN",
                    "PriceModifiers": [
                        {
                            "ID": "increase_base_for_gold_bar",
                            "Modification": "Add",
                            "Amount": 250
                        },
                        {
                            "ID": "multiply",
                            "Modification": "Multiply",
                            "Amount": 3.00
                        }
                    ]
                },
                "MtVapius_Turquoise": {
                    "Id": "MtVapius_Turquoise",
                    "ItemId": "{{ModId}}.Jewelry_B_Turquoise",
                    "CopyPrice": true,
                    "CopyQuality": true,
                    "ObjectInternalName": "{0} Brooch",
                    "Condition": "ITEM_ID Input (O)Lumisteria.MtVapius_Turquoise",
                    "PreserveId": "DROP_IN",
                    "PriceModifiers": [
                        {
                            "ID": "increase_base_for_gold_bar",
                            "Modification": "Add",
                            "Amount": 250
                        },
                        {
                            "ID": "multiply",
                            "Modification": "Multiply",
                            "Amount": 3.00
                        }
                    ]
                },
                "MtVapius_Turquoise_Polished": {
                    "Id": "MtVapius_Turquoise_Polished",
                    "ObjectInternalName": "Polished {0} Brooch",
                    "ItemId": "{{ModId}}.Jewelry_B_Turquoise",
                    "CopyPrice": true,
                    "Quality": 4,
                    "Condition": "ITEM_ID Input (O)Lumisteria.MtVapius_Turquoise_Polished",
                    "PreserveId": "DROP_IN",
                    "PriceModifiers": [
                        {
                            "ID": "increase_base_for_gold_bar",
                            "Modification": "Add",
                            "Amount": 250
                        },
                        {
                            "ID": "multiply",
                            "Modification": "Multiply",
                            "Amount": 3.00
                        }
                    ]
                },
                "MtVapius_Garnet": {
                    "Id": "MtVapius_Garnet",
                    "ItemId": "{{ModId}}.Jewelry_B_Garnet",
                    "CopyPrice": true,
                    "CopyQuality": true,
                    "ObjectInternalName": "{0} Brooch",
                    "Condition": "ITEM_ID Input (O)Lumisteria.MtVapius_Garnet",
                    "PreserveId": "DROP_IN",
                    "PriceModifiers": [
                        {
                            "ID": "increase_base_for_gold_bar",
                            "Modification": "Add",
                            "Amount": 250
                        },
                        {
                            "ID": "multiply",
                            "Modification": "Multiply",
                            "Amount": 3.00
                        }
                    ]
                },
                "MtVapius_Garnet_Polished": {
                    "Id": "MtVapius_Garnet_Polished",
                    "ObjectInternalName": "Polished {0} Brooch",
                    "ItemId": "{{ModId}}.Jewelry_B_Garnet",
                    "CopyPrice": true,
                    "Quality": 4,
                    "Condition": "ITEM_ID Input (O)Lumisteria.MtVapius_Garnet_Polished",
                    "PreserveId": "DROP_IN",
                    "PriceModifiers": [
                        {
                            "ID": "increase_base_for_gold_bar",
                            "Modification": "Add",
                            "Amount": 250
                        },
                        {
                            "ID": "multiply",
                            "Modification": "Multiply",
                            "Amount": 3.00
                        }
                    ]
                },
                "MtVapius_Morganite": {
                    "Id": "MtVapius_Morganite",
                    "ItemId": "{{ModId}}.Jewelry_B_Morganite",
                    "CopyPrice": true,
                    "CopyQuality": true,
                    "ObjectInternalName": "{0} Brooch",
                    "Condition": "ITEM_ID Input (O)Lumisteria.MtVapius_Morganite",
                    "PreserveId": "DROP_IN",
                    "PriceModifiers": [
                        {
                            "ID": "increase_base_for_gold_bar",
                            "Modification": "Add",
                            "Amount": 250
                        },
                        {
                            "ID": "multiply",
                            "Modification": "Multiply",
                            "Amount": 3.00
                        }
                    ]
                },
                "MtVapius_Morganite_Polished": {
                    "Id": "MtVapius_Morganite_Polished",
                    "ObjectInternalName": "Polished {0} Brooch",
                    "ItemId": "{{ModId}}.Jewelry_B_Morganite",
                    "CopyPrice": true,
                    "Quality": 4,
                    "Condition": "ITEM_ID Input (O)Lumisteria.MtVapius_Morganite_Polished",
                    "PreserveId": "DROP_IN",
                    "PriceModifiers": [
                        {
                            "ID": "increase_base_for_gold_bar",
                            "Modification": "Add",
                            "Amount": 250
                        },
                        {
                            "ID": "multiply",
                            "Modification": "Multiply",
                            "Amount": 3.00
                        }
                    ]
                },
                "MtVapius_Heliodor": {
                    "Id": "MtVapius_Heliodor",
                    "ItemId": "{{ModId}}.Jewelry_B_Heliodor",
                    "CopyPrice": true,
                    "CopyQuality": true,
                    "ObjectInternalName": "{0} Brooch",
                    "Condition": "ITEM_ID Input (O)Lumisteria.MtVapius_Heliodor",
                    "PreserveId": "DROP_IN",
                    "PriceModifiers": [
                        {
                            "ID": "increase_base_for_gold_bar",
                            "Modification": "Add",
                            "Amount": 250
                        },
                        {
                            "ID": "multiply",
                            "Modification": "Multiply",
                            "Amount": 3.00
                        }
                    ]
                },
                "MtVapius_Heliodor_Polished": {
                    "Id": "MtVapius_Heliodor_Polished",
                    "ObjectInternalName": "Polished {0} Brooch",
                    "ItemId": "{{ModId}}.Jewelry_B_Heliodor",
                    "CopyPrice": true,
                    "Quality": 4,
                    "Condition": "ITEM_ID Input (O)Lumisteria.MtVapius_Heliodor_Polished",
                    "PreserveId": "DROP_IN",
                    "PriceModifiers": [
                        {
                            "ID": "increase_base_for_gold_bar",
                            "Modification": "Add",
                            "Amount": 250
                        },
                        {
                            "ID": "multiply",
                            "Modification": "Multiply",
                            "Amount": 3.00
                        }
                    ]
                },
                "MtVapius_Labradorite": {
                    "Id": "MtVapius_Labradorite",
                    "ItemId": "{{ModId}}.Jewelry_B_Labradorite",
                    "CopyPrice": true,
                    "CopyQuality": true,
                    "ObjectInternalName": "{0} Brooch",
                    "Condition": "ITEM_ID Input (O)Lumisteria.MtVapius_Labradorite",
                    "PreserveId": "DROP_IN",
                    "PriceModifiers": [
                        {
                            "ID": "increase_base_for_gold_bar",
                            "Modification": "Add",
                            "Amount": 250
                        },
                        {
                            "ID": "multiply",
                            "Modification": "Multiply",
                            "Amount": 3.00
                        }
                    ]
                },
                "MtVapius_Labradorite_Polished": {
                    "Id": "MtVapius_Labradorite_Polished",
                    "ObjectInternalName": "Polished {0} Brooch",
                    "ItemId": "{{ModId}}.Jewelry_B_Labradorite",
                    "CopyPrice": true,
                    "Quality": 4,
                    "Condition": "ITEM_ID Input (O)Lumisteria.MtVapius_Labradorite_Polished",
                    "PreserveId": "DROP_IN",
                    "PriceModifiers": [
                        {
                            "ID": "increase_base_for_gold_bar",
                            "Modification": "Add",
                            "Amount": 250
                        },
                        {
                            "ID": "multiply",
                            "Modification": "Multiply",
                            "Amount": 3.00
                        }
                    ]
                },
                "MtVapius_SweetGemBerry_Polished": {
                    "Id": "MtVapius_SweetGemBerry_Polished",
                    "ObjectInternalName": "Polished {0} Brooch",
                    "ItemId": "{{ModId}}.Jewelry_B_SweetGemBerry",
                    "CopyPrice": true,
                    "Quality": 4,
                    "Condition": "ITEM_ID Input (O)Lumisteria.MtVapius_SweetGemBerry_Polished",
                    "PreserveId": "DROP_IN",
                    "PriceModifiers": [
                        {
                            "ID": "increase_base_for_gold_bar",
                            "Modification": "Add",
                            "Amount": 250
                        },
                        {
                            "ID": "multiply",
                            "Modification": "Multiply",
                            "Amount": 3.00
                        }
                    ]
                },
                "MtVapius_VoidDiamond": {
                    "Id": "MtVapius_VoidDiamond",
                    "ItemId": "{{ModId}}.Jewelry_B_VoidDiamond",
                    "CopyPrice": true,
                    "CopyQuality": true,
                    "ObjectInternalName": "{0} Brooch",
                    "Condition": "ITEM_ID Input (O)Lumisteria.MtVapius_VoidDiamond",
                    "PreserveId": "DROP_IN",
                    "PriceModifiers": [
                        {
                            "ID": "increase_base_for_gold_bar",
                            "Modification": "Add",
                            "Amount": 250
                        },
                        {
                            "ID": "multiply",
                            "Modification": "Multiply",
                            "Amount": 3.00
                        }
                    ]
                },
                "MtVapius_VoidDiamond_Polished": {
                    "Id": "MtVapius_VoidDiamond_Polished",
                    "ObjectInternalName": "Polished {0} Brooch",
                    "ItemId": "{{ModId}}.Jewelry_B_VoidDiamond",
                    "CopyPrice": true,
                    "Quality": 4,
                    "Condition": "ITEM_ID Input (O)Lumisteria.MtVapius_VoidDiamond_Polished",
                    "PreserveId": "DROP_IN",
                    "PriceModifiers": [
                        {
                            "ID": "increase_base_for_gold_bar",
                            "Modification": "Add",
                            "Amount": 250
                        },
                        {
                            "ID": "multiply",
                            "Modification": "Multiply",
                            "Amount": 3.00
                        }
                    ]
                },
                "MtVapius_Tourmaline": {
                    "Id": "MtVapius_Tourmaline",
                    "ItemId": "{{ModId}}.Jewelry_B_Tourmaline",
                    "CopyPrice": true,
                    "CopyQuality": true,
                    "ObjectInternalName": "{0} Brooch",
                    "Condition": "ITEM_ID Input (O)Lumisteria.MtVapius_Tourmaline",
                    "PreserveId": "DROP_IN",
                    "PriceModifiers": [
                        {
                            "ID": "increase_base_for_gold_bar",
                            "Modification": "Add",
                            "Amount": 250
                        },
                        {
                            "ID": "multiply",
                            "Modification": "Multiply",
                            "Amount": 3.00
                        }
                    ]
                },
                "MtVapius_Tourmaline_Polished": {
                    "Id": "MtVapius_Tourmaline_Polished",
                    "ObjectInternalName": "Polished {0} Brooch",
                    "ItemId": "{{ModId}}.Jewelry_B_Tourmaline",
                    "CopyPrice": true,
                    "Quality": 4,
                    "Condition": "ITEM_ID Input (O)Lumisteria.MtVapius_Tourmaline_Polished",
                    "PreserveId": "DROP_IN",
                    "PriceModifiers": [
                        {
                            "ID": "increase_base_for_gold_bar",
                            "Modification": "Add",
                            "Amount": 250
                        },
                        {
                            "ID": "multiply",
                            "Modification": "Multiply",
                            "Amount": 3.00
                        }
                    ]
                },
                "MtVapius_Larimar": {
                    "Id": "MtVapius_Larimar",
                    "ItemId": "{{ModId}}.Jewelry_B_Larimar",
                    "CopyPrice": true,
                    "CopyQuality": true,
                    "ObjectInternalName": "{0} Brooch",
                    "Condition": "ITEM_ID Input (O)Lumisteria.MtVapius_Larimar",
                    "PreserveId": "DROP_IN",
                    "PriceModifiers": [
                        {
                            "ID": "increase_base_for_gold_bar",
                            "Modification": "Add",
                            "Amount": 250
                        },
                        {
                            "ID": "multiply",
                            "Modification": "Multiply",
                            "Amount": 3.00
                        }
                    ]
                },
                "MtVapius_Larimar_Polished": {
                    "Id": "MtVapius_Larimar_Polished",
                    "ObjectInternalName": "Polished {0} Brooch",
                    "ItemId": "{{ModId}}.Jewelry_B_Larimar",
                    "CopyPrice": true,
                    "Quality": 4,
                    "Condition": "ITEM_ID Input (O)Lumisteria.MtVapius_Larimar_Polished",
                    "PreserveId": "DROP_IN",
                    "PriceModifiers": [
                        {
                            "ID": "increase_base_for_gold_bar",
                            "Modification": "Add",
                            "Amount": 250
                        },
                        {
                            "ID": "multiply",
                            "Modification": "Multiply",
                            "Amount": 3.00
                        }
                    ]
                },
                "MtVapius_BlueAgathe": {
                    "Id": "MtVapius_BlueAgathe",
                    "ItemId": "{{ModId}}.Jewelry_B_BlueAgathe",
                    "CopyPrice": true,
                    "CopyQuality": true,
                    "ObjectInternalName": "{0} Brooch",
                    "Condition": "ITEM_ID Input (O)Lumisteria.MtVapius_BlueAgathe",
                    "PreserveId": "DROP_IN",
                    "PriceModifiers": [
                        {
                            "ID": "increase_base_for_gold_bar",
                            "Modification": "Add",
                            "Amount": 250
                        },
                        {
                            "ID": "multiply",
                            "Modification": "Multiply",
                            "Amount": 3.00
                        }
                    ]
                },
                "MtVapius_BlueAgathe_Polished": {
                    "Id": "MtVapius_BlueAgathe_Polished",
                    "ObjectInternalName": "Polished {0} Brooch",
                    "ItemId": "{{ModId}}.Jewelry_B_BlueAgathe",
                    "CopyPrice": true,
                    "Quality": 4,
                    "Condition": "ITEM_ID Input (O)Lumisteria.MtVapius_BlueAgathe_Polished",
                    "PreserveId": "DROP_IN",
                    "PriceModifiers": [
                        {
                            "ID": "increase_base_for_gold_bar",
                            "Modification": "Add",
                            "Amount": 250
                        },
                        {
                            "ID": "multiply",
                            "Modification": "Multiply",
                            "Amount": 3.00
                        }
                    ]
                },
                "MtVapius_Diamond_Polished": {
                    "Id": "MtVapius_Diamond_Polished",
                    "ObjectInternalName": "Polished {0} Ring",
                    "ItemId": "mytigio.dwarven_expansion_Jewelry_R_Diamond",
                    "CopyPrice": true,
                    "Quality": 4,
                    "Condition": "ITEM_ID Input (O)Lumisteria.MtVapius_Diamond_Polished",
                    "PreserveId": "DROP_IN",
                    "PriceModifiers": [
                        {
                            "ID": "increase_base_for_gold_bar",
                            "Modification": "Add",
                            "Amount": 250
                        },
                        {
                            "ID": "multiply",
                            "Modification": "Multiply",
                            "Amount": 3.00
                        }
                    ]
                },
                "MtVapius_Emerald_Polished": {
                    "Id": "MtVapius_Emerald_Polished",
                    "ObjectInternalName": "Polished {0} Ring",
                    "ItemId": "mytigio.dwarven_expansion_Jewelry_R_Emerald",
                    "CopyPrice": true,
                    "Quality": 4,
                    "Condition": "ITEM_ID Input (O)Lumisteria.MtVapius_Emerald_Polished",
                    "PreserveId": "DROP_IN",
                    "PriceModifiers": [
                        {
                            "ID": "increase_base_for_gold_bar",
                            "Modification": "Add",
                            "Amount": 250
                        },
                        {
                            "ID": "multiply",
                            "Modification": "Multiply",
                            "Amount": 3.00
                        }
                    ]
                },
                "MtVapius_Ruby_Polished": {
                    "Id": "MtVapius_Ruby_Polished",
                    "ObjectInternalName": "Polished {0} Ring",
                    "ItemId": "mytigio.dwarven_expansion_Jewelry_R_Ruby",
                    "CopyPrice": true,
                    "Quality": 4,
                    "Condition": "ITEM_ID Input (O)Lumisteria.MtVapius_Ruby_Polished",
                    "PreserveId": "DROP_IN",
                    "PriceModifiers": [
                        {
                            "ID": "increase_base_for_gold_bar",
                            "Modification": "Add",
                            "Amount": 250
                        },
                        {
                            "ID": "multiply",
                            "Modification": "Multiply",
                            "Amount": 3.00
                        }
                    ]
                },
                "MtVapius_Amethyst_Polished": {
                    "Id": "MtVapius_Amethyst_Polished",
                    "ObjectInternalName": "Polished {0} Ring",
                    "ItemId": "mytigio.dwarven_expansion_Jewelry_R_Amethyst",
                    "CopyPrice": true,
                    "Quality": 4,
                    "Condition": "ITEM_ID Input (O)Lumisteria.MtVapius_Amethyst_Polished",
                    "PreserveId": "DROP_IN",
                    "PriceModifiers": [
                        {
                            "ID": "increase_base_for_gold_bar",
                            "Modification": "Add",
                            "Amount": 250
                        },
                        {
                            "ID": "multiply",
                            "Modification": "Multiply",
                            "Amount": 3.00
                        }
                    ]
                },
                "MtVapius_Aquamarine_Polished": {
                    "Id": "MtVapius_Aquamarine_Polished",
                    "ObjectInternalName": "Polished {0} Ring",
                    "ItemId": "mytigio.dwarven_expansion_Jewelry_R_Aquamarine",
                    "CopyPrice": true,
                    "Quality": 4,
                    "Condition": "ITEM_ID Input (O)Lumisteria.MtVapius_Aquamarine_Polished",
                    "PreserveId": "DROP_IN",
                    "PriceModifiers": [
                        {
                            "ID": "increase_base_for_gold_bar",
                            "Modification": "Add",
                            "Amount": 250
                        },
                        {
                            "ID": "multiply",
                            "Modification": "Multiply",
                            "Amount": 3.00
                        }
                    ]
                },
                "MtVapius_Topaz_Polished": {
                    "Id": "MtVapius_Topaz_Polished",
                    "ObjectInternalName": "Polished {0} Ring",
                    "ItemId": "mytigio.dwarven_expansion_Jewelry_R_Topaz",
                    "CopyPrice": true,
                    "Quality": 4,
                    "Condition": "ITEM_ID Input (O)Lumisteria.MtVapius_Topaz_Polished",
                    "PreserveId": "DROP_IN",
                    "PriceModifiers": [
                        {
                            "ID": "increase_base_for_gold_bar",
                            "Modification": "Add",
                            "Amount": 250
                        },
                        {
                            "ID": "multiply",
                            "Modification": "Multiply",
                            "Amount": 3.00
                        }
                    ]
                },
                "MtVapius_Jade_Polished": {
                    "Id": "MtVapius_Jade_Polished",
                    "ObjectInternalName": "Polished {0} Ring",
                    "ItemId": "mytigio.dwarven_expansion_Jewelry_R_Jade",
                    "CopyPrice": true,
                    "Quality": 4,
                    "Condition": "ITEM_ID Input (O)Lumisteria.MtVapius_Jade_Polished",
                    "PreserveId": "DROP_IN",
                    "PriceModifiers": [
                        {
                            "ID": "increase_base_for_gold_bar",
                            "Modification": "Add",
                            "Amount": 250
                        },
                        {
                            "ID": "multiply",
                            "Modification": "Multiply",
                            "Amount": 3.00
                        }
                    ]
                },
                "MtVapius_QuartzGem_Polished": {
                    "Id": "MtVapius_QuartzGem_Polished",
                    "ObjectInternalName": "Polished {0} Necklace",
                    "ItemId": "mytigio.dwarven_expansion_Jewelry_N_Quartz",
                    "CopyPrice": true,
                    "Quality": 4,
                    "Condition": "ITEM_ID Input (O)Lumisteria.MtVapius_QuartzGem_Polished",
                    "PreserveId": "DROP_IN",
                    "PriceModifiers": [
                        {
                            "ID": "increase_base_for_gold_bar",
                            "Modification": "Add",
                            "Amount": 250
                        },
                        {
                            "ID": "multiply",
                            "Modification": "Multiply",
                            "Amount": 3.00
                        }
                    ]
                }
            }
        }
    ]
}