{
	"Changes": [
		{
			"Action": "Load",
			"Target": "Mods/DwarvenExpansion/Buildings/DeluxeCaveCoop",
			"FromFile": "assets/Buildings/DeluxeCaveCoop/texture.png"
		},
		{
			"Action": "EditData",
			"Target": "Data/Buildings",
			"Entries": {
				"{{ModId}}_DeluxeCaveCoop": {
					"Name": "{{i18n:DeluxeCaveCoop.Name}}",
					"Description": "{{i18n:DeluxeCaveCoop.Description}}",
					"Texture": "Mods/DwarvenExpansion/Buildings/DeluxeCaveCoop",
					"SourceRect": {
						"X": 0,
						"Y": 0,
						"Width": 96,
						"Height": 112
					},
					"SeasonOffset": {
						"X": 96,
						"Y": 0
					},
					"DrawOffset": "0,0",
					"SortTileOffset": 0.0,
					"FadeWhenBehind": true,
					"Size": {
						"X": 6,
						"Y": 3
					},
					"UpgradeSignTile": "2, 2",
					"UpgradeSignHeight": 28.0,
					"BuildingToUpgrade": "{{ModId}}_BigCaveCoop",
					"Builder": "Robin",
					"BuildCondition": null,
					"BuildDays": 2,
					"BuildCost": 22000,
					"BuildMaterials": [
						{
							"ItemId": "(O)390",
							"Amount": 750
						},
						{
							"ItemId": "(O)388",
							"Amount": 100
						},
						{
							"ItemId": "(O)330",
							"Amount": 45
						}
					],
					"MagicalConstruction": false,
					"BuildMenuDrawOffset": {
						"X": 0,
						"Y": 0
					},
					"HumanDoor": {
						"X": 2,
						"Y": 2
					},
					"AnimalDoor": {
						"X": 4,
						"Y": 2,
						"Width": 1,
						"Height": 1
					},
					"AnimalDoorOpenDuration": 0.3125,
					"AnimalDoorOpenSound": "doorCreak",
					"AnimalDoorCloseDuration": 0.3125,
					"AnimalDoorCloseSound": "doorCreakReverse",
					"NonInstancedIndoorLocation": null,
					"IndoorMap": "{{ModId}}_Locations_DeluxeCoopCave",
					"IndoorMapType": "StardewValley.AnimalHouse",
					"MaxOccupants": 12,
					"ValidOccupantTypes": [
						"{{ModId}}_CaveCoop",
						"{{ModId}}_BigCaveCoop",
						"{{ModId}}_DeluxeCaveCoop"
					],
					"AllowAnimalPregnancy": true,
					"IndoorItemMoves": [
						{
							"Id": "Default_ClearSpot_EggIncubator",
							"Source": {
								"X": 2,
								"Y": 5
							},
							"Destination": {
								"X": 14,
								"Y": 8
							},
							"Size": {
								"X": 1,
								"Y": 1
							},
							"UnlessItemId": "(BC){{ModId}}_CaveIncubator"
						}
					],
					"IndoorItems": [
						{
							"Id": "Default_FeedHopper",
							"ItemId": "(BC)99",
							"Tile": {
								"X": 4,
								"Y": 4
							},
							"Indestructible": true
						},
						{
							"Id": "Default_Incubator",
							"ItemId": "(BC){{ModId}}_CaveIncubator",
							"Tile": {
								"X": 2,
								"Y": 5
							},
							"Indestructible": true
						}
					],
					"AddMailOnBuild": null,
					"Metadata": {},
					"ModData": {},
					"HayCapacity": 0,
					"Chests": null,
					"DefaultAction": null,
					"AdditionalTilePropertyRadius": 0,
					"AllowsFlooringUnderneath": true,
					"ActionTiles": [],
					"TileProperties": [],
					"ItemConversions": null,
					"DrawLayers": [
						{
							"Id": "Default_AnimalDoor",
							"Texture": null,
							"SourceRect": {
								"X": 0,
								"Y": 112,
								"Width": 16,
								"Height": 16
							},
							"DrawPosition": "64, 96",
							"DrawInBackground": false,
							"SortTileOffset": 0.02,
							"OnlyDrawIfChestHasContents": null,
							"FrameDuration": 90,
							"FrameCount": 1,
							"FramesPerRow": -1,
							"AnimalDoorOffset": {
								"X": 0,
								"Y": -13
							}
						},
						{
							"Id": "Default_AnimalDoor_Open",
							"Texture": null,
							"SourceRect": {
								"X": 16,
								"Y": 112,
								"Width": 16,
								"Height": 16
							},
							"DrawPosition": "64, 96",
							"DrawInBackground": false,
							"SortTileOffset": 1.0,
							"OnlyDrawIfChestHasContents": null,
							"FrameDuration": 90,
							"FrameCount": 1,
							"FramesPerRow": -1,
							"AnimalDoorOffset": {
								"X": 0,
								"Y": 0
							}
						}
					],
					"CustomFields": null
				}
			}
		}
	]
}