{
	"Name": "QuailHen_WA",
	"Type": "Walking",
	"EnableSpawnAtDayStart": false,
	"EnableCharacterCollision": false,
	"EnableFarmerCollision": false,
	"EnableShadow": true,
	"TravelSpeed": 2,
	"MaxIdleDistance": -1,
	"MaxDistanceBeforeTeleport": -1,
	"IdleBehavior": "Wander",
	"FrameSizeWidth": 16,
	"FrameSizeHeight": 16,

	// This plays when the companion travels upwards
	"UpAnimation": {
		"StartingFrame": 8,
		"NumberOfFrames": 4,
		"Duration": 100,
    "IdleAnimation": {
		"ManualFrames": [
		{
        "Frame": 8,
        "Duration": 3000,
		},
		{
        "Frame": 20,
        "Duration": 150,
		},
		{
        "Frame": 21,
        "Duration": 150,
		},
		{
        "Frame": 22,
        "Duration": 350,
		},
		{
        "Frame": 23,
        "Duration": 350,
		},
		{
        "Frame": 22,
        "Duration": 350,
		},
		{
        "Frame": 23,
        "Duration": 350,
		},
		{
        "Frame": 22,
        "Duration": 350,
		},
		{
        "Frame": 23,
        "Duration": 350,
		},
		{
        "Frame": 22,
        "Duration": 350,
		},
		{
        "Frame": 21,
        "Duration": 150,
		},
		{
        "Frame": 20,
        "Duration": 150,
		},
    ],
    }
	},
	// This plays when the companion travels downwards
	"DownAnimation": {
		"StartingFrame": 0,
		"NumberOfFrames": 4,
		"Duration": 100,
    "IdleAnimation": {
		"ManualFrames": [
		{
        "Frame": 0,
        "Duration": 3000,
		},
		{
        "Frame": 12,
        "Duration": 150,
		},
		{
        "Frame": 13,
        "Duration": 150,
		},
		{
        "Frame": 14,
        "Duration": 250,
		},
		{
        "Frame": 15,
        "Duration": 250,
		},
		{
        "Frame": 14,
        "Duration": 250,
		},
		{
        "Frame": 15,
        "Duration": 250,
		},
		{
        "Frame": 14,
        "Duration": 250,
		},
		{
        "Frame": 15,
        "Duration": 250,
		},
		{
        "Frame": 14,
        "Duration": 250,
		},
		{
        "Frame": 13,
        "Duration": 150,
		},
		{
        "Frame": 12,
        "Duration": 150,
		},
    ],
    }
	},
	// This plays when the companion travels left
	"LeftAnimation": {
		"ManualFrames": [
		{
		"Frame": 4,
		"Duration": 150,
		"Flip": true
		},
		{
		"Frame": 5,
		"Duration": 150,
		"Flip": true
		},
		{
		"Frame": 6,
		"Duration": 150,
		"Flip": true
		},
		{
		"Frame": 7,
		"Duration": 150,
		"Flip": true
		}
		],
    "IdleAnimation": {
		"ManualFrames": [
		{
        "Frame": 4,
        "Duration": 2000,
		"Flip": true
		},
		{
        "Frame": 16,
        "Duration": 150,
		"Flip": true
		},
		{
        "Frame": 17,
        "Duration": 150,
		"Flip": true
		},
		{
        "Frame": 18,
        "Duration": 350,
		"Flip": true
		},
		{
        "Frame": 19,
        "Duration": 350,
		"Flip": true
		},
		{
        "Frame": 18,
        "Duration": 350,
		"Flip": true
		},
		{
        "Frame": 19,
        "Duration": 350,
		"Flip": true
		},
		{
        "Frame": 18,
        "Duration": 350,
		"Flip": true
		},
		{
        "Frame": 19,
        "Duration": 350,
		"Flip": true
		},
		{
        "Frame": 18,
        "Duration": 350,
		"Flip": true
		},
		{
        "Frame": 17,
        "Duration": 150,
		"Flip": true
		},
		{
        "Frame": 16,
        "Duration": 150,
		"Flip": true
		},
    ],
    }
  },
	// This plays when the companion travels right
	"RightAnimation": {
		"StartingFrame": 4,
		"NumberOfFrames": 4,
		"Duration": 150,
    "IdleAnimation": {
		"ManualFrames": [
		{
        "Frame": 4,
        "Duration": 3000,
		},
		{
        "Frame": 24,
        "Duration": 100,
		},
		{
        "Frame": 25,
        "Duration": 100,
		},
		{
        "Frame": 26,
        "Duration": 100,
		},
		{
        "Frame": 25,
        "Duration": 100,
		},
		{
        "Frame": 24,
        "Duration": 100,
		},
		{
        "Frame": 27,
        "Duration": 100,
		},
		{
        "Frame": 24,
        "Duration": 100,
		},
		{
        "Frame": 25,
        "Duration": 100,
		},
		{
        "Frame": 26,
        "Duration": 100,
		},
		{
        "Frame": 25,
        "Duration": 100,
		},
		{
        "Frame": 24,
        "Duration": 100,
		},
		{
        "Frame": 27,
        "Duration": 100,
		},
		{
        "Frame": 24,
        "Duration": 100,
		},
    ],
    }
	},

"Sounds": [
	{
	"SoundName": "SpringBirds",
	"WhenToPlay": "Idle",
	"TimeBetweenSound": 5000,
	"ChanceOfPlaying": 0.3
	}
]  
}