{
  "Format": "2.0.0",
  "Changes": [
    {
      "LogName": "More Lively Quarry Overhaul patch for East Scrap",
      "Action": "EditMap",
      "Target": "Maps/Mountain",
      "FromFile": "assets/MLQO_ES.tmx",
      "FromArea": {
        "X": 0,
        "Y": 0,
        "Width": 5,
        "Height": 5
      },
      "ToArea": {
        "X": 89,
        "Y": 36,
        "Width": 5,
        "Height": 5
      },
      "PatchMode": "Replace",
      "AddWarps": [
        "89 40 EastScarp_Village 3 2",
        "90 40 EastScarp_Village 4 2"
      ],
      "When": {
        "HasMod |contains=Aimon111.MoreLivelyQuarryOverhaul": true,
        "HasMod |contains=LemurKat.EastScarpe.CP": true
      }
    },
    {
      "LogName": "1/3 More Lively Quarry Overhaul patch for East Scrap fixes path for Deep Mountains when not using Stardew Valley Expanded",
      "Action": "EditMap",
      "Target": "Maps/Mountain",
      "FromFile": "assets/MLQO_ES_NO_SVE.tmx",
      "FromArea": {
        "X": 3,
        "Y": 0,
        "Width": 4,
        "Height": 9
      },
      "ToArea": {
        "X": 88,
        "Y": 0,
        "Width": 4,
        "Height": 9
      },
      "PatchMode": "Replace",
      "AddWarps": [
        "91 0 EastScarp_DeepMountains 7 60"
      ],
      "When": {
        "HasMod |contains=Aimon111.MoreLivelyQuarryOverhaul": true,
        "HasMod |contains=LemurKat.EastScarpe.CP": true,
        "HasMod |contains=FlashShifter.StardewValleyExpandedCP": false
      }
    },
    {
      "LogName": "2/3 More Lively Quarry Overhaul patch for East Scrap fixes path for Deep Mountains when not using Stardew Valley Expanded",
      "Action": "EditMap",
      "Target": "Maps/Mountain",
      "FromFile": "assets/MLQO_ES_NO_SVE.tmx",
      "FromArea": {
        "X": 7,
        "Y": 0,
        "Width": 3,
        "Height": 3
      },
      "ToArea": {
        "X": 92,
        "Y": 0,
        "Width": 3,
        "Height": 3
      },
      "PatchMode": "Replace",
      "When": {
        "HasMod |contains=Aimon111.MoreLivelyQuarryOverhaul": true,
        "HasMod |contains=LemurKat.EastScarpe.CP": true,
        "HasMod |contains=FlashShifter.StardewValleyExpandedCP": false
      }
    },
    {
      "LogName": "3/3 More Lively Quarry Overhaul patch for East Scrap fixes path for Deep Mountains when not using Stardew Valley Expanded",
      "Action": "EditMap",
      "Target": "Maps/Mountain",
      "FromFile": "assets/MLQO_ES_NO_SVE.tmx",
      "FromArea": {
        "X": 2,
        "Y": 9,
        "Width": 3,
        "Height": 12
      },
      "ToArea": {
        "X": 87,
        "Y": 9,
        "Width": 3,
        "Height": 12
      },
      "PatchMode": "Replace",
      "When": {
        "HasMod |contains=Aimon111.MoreLivelyQuarryOverhaul": true,
        "HasMod |contains=LemurKat.EastScarpe.CP": true,
        "HasMod |contains=FlashShifter.StardewValleyExpandedCP": false
      }
    }
  ]
}