{
	"Name": "Frog_WA",
	"Type": "Walking",
	"EnableSpawnAtDayStart": false,
	"EnableCharacterCollision": false,
	"EnableFarmerCollision": false,
	"EnableShadow": true,
	"TravelSpeed": 2,
	"MaxIdleDistance": -1,
	"MaxDistanceBeforeTeleport": -1,
	"IdleBehavior": "Wander",
	"FrameSizeWidth": 16,
	"FrameSizeHeight": 16,
	"TileSheetPath": "Characters\\Frog_WA",

	// This plays when the companion travels upwards
	"UpAnimation": {
		"StartingFrame": 8,
		"NumberOfFrames": 4,
		"Duration": 100,
	"IdleAnimation": {
		"StartingFrame": 8,
		"NumberOfFrames": 1,
		"Duration": 500
	}
	},
	// This plays when the companion travels downwards
	"DownAnimation": {
		"StartingFrame": 0,
		"NumberOfFrames": 4,
		"Duration": 100,
	"IdleAnimation": {
		"StartingFrame": 0,
		"NumberOfFrames": 1,
		"Duration": 500
	}
	},
	// This plays when the companion travels left
	"LeftAnimation": {
		"StartingFrame": 12,
		"NumberOfFrames": 4,
		"Duration": 100,
	"IdleAnimation": {
		"StartingFrame": 20,
		"NumberOfFrames": 4,
		"Duration": 250
	}
	},
	// This plays when the companion travels right
	"RightAnimation": {
		"StartingFrame": 4,
		"NumberOfFrames": 4,
		"Duration": 100,
	"IdleAnimation": {
		"StartingFrame": 16,
		"NumberOfFrames": 4,
		"Duration": 250
	}
	},

"Sounds": [
	{
	"SoundName": "croak",
	"WhenToPlay": "Idle",
	"TimeBetweenSound": 5000,
	"ChanceOfPlaying": 0.5
	}
]  
}