{
	"Name": "MoonlightJellySmall_WA",
	"Type": "Walking",
	"EnableSpawnAtDayStart": false,
	"EnableCharacterCollision": false,
	"EnableFarmerCollision": false,
	"TravelSpeed": 1,
	"MaxIdleDistance": -1,
	"MaxDistanceBeforeTeleport": -1,
	"IdleBehavior": "Wander",
	"AppearUnderwater": true,
	"Light": {
		"Color": [ 255, 255, 255, 255 ],
		"Radius": 2.5,
	},
	"FrameSizeWidth": 16,
	"FrameSizeHeight": 16,

	// This plays when the companion travels upwards
	"UpAnimation": {
		"StartingFrame": 0,
		"NumberOfFrames": 4,
		"Duration": 300,
    "IdleAnimation": {
		"StartingFrame": 0,
		"NumberOfFrames": 4,
		"Duration": 300
	}
	},
	// This plays when the companion travels downwards
	"DownAnimation": {
		"StartingFrame": 0,
		"NumberOfFrames": 4,
		"Duration": 300,
	"IdleAnimation": {
		"StartingFrame": 0,
		"NumberOfFrames": 4,
		"Duration": 300
	}
	},
	// This plays when the companion travels left
	"LeftAnimation": {
		"StartingFrame": 0,
		"NumberOfFrames": 4,
		"Duration": 300,
	"IdleAnimation": {
		"StartingFrame": 0,
		"NumberOfFrames": 4,
		"Duration": 300
	}
	},
	// This plays when the companion travels right
	"RightAnimation": {
		"StartingFrame": 0,
		"NumberOfFrames": 4,
		"Duration": 300,
	"IdleAnimation": {
		"StartingFrame": 0,
		"NumberOfFrames": 4,
		"Duration": 300
	}
	}
}