{
    "Changes": [
        {
            "Action": "EditData",
            "Target": "Data/BigCraftables",
            "Entries": {
                "{{ModId}}_SlowburnCharcoalKiln": {
                    "Name": "Slow-Burn Charcoal Kiln",
                    "DisplayName": "{{i18n:SlowburnCharcoalKiln.DisplayName}}",
                    "Description": "{{i18n:SlowburnCharcoalKiln.Description}}",
                    "Price": 0,
                    "Fragility": 0,
                    "CanBePlacedIndoors": true,
                    "CanBePlacedOutdoors": true,
                    "IsLamp": false,
                    "Texture": "Mods/DwarvenExpansion/BigCraftablesSpritesheet",
                    "SpriteIndex": 12
                }
            }
        },
        {
            "Action": "EditData",
            "Target": "Data/CraftingRecipes",
            "Entries": {
                "Slow-Burn Charcoal Kiln": "335 10 336 1/Home/{{ModId}}_SlowburnCharcoalKiln/true/Foraging 8/"
            }
        },
        {
            "Action": "EditData",
            "Target": "Data/Shops",
            "TargetField": [
                "Blacksmith",
                "Items"
            ],
            "Entries": {
                "{{ModId}}_Pulverizer": {
                    "ID": "{{ModId}}_SlowburnCharcoalKiln",
                    "ItemId": "(BC){{ModId}}_SlowburnCharcoalKiln",
                    "Condition": "PLAYER_FORAGING_LEVEL Current 8",
                    "Price": "3000",
                    "AvailableStock": 5,
                    "AvailableStockLimit": "Player"
                }
            }
        },
        {
            "Action": "EditData",
            "Target": "Data/Machines",
            "Entries": {
                "(BC){{ModId}}_SlowburnCharcoalKiln": {
                    "OutputRules": [
                        {
                            "Id": "Default",
                            "Triggers": [
                                {
                                    "Id": "Wood_Input",
                                    "Trigger": "ItemPlacedInMachine",
                                    "RequiredItemId": 388,
                                    "RequiredCount": 40
                                },
                                {
                                    "Id": "HardWood_Input",
                                    "Trigger": "ItemPlacedInMachine",
                                    "RequiredItemId": 709,
                                    "RequiredCount": 20
                                }
                            ],
                            "OutputItem": [
                                {
                                    "Id": "Wood_Output",
                                    "ItemId": "382",
                                    "MinStack": 10,
                                    "MaxStack": 20,
                                    "Condition": "ITEM_ID Input 388"
                                },
                                {
                                    "Id": "HardWood_Output",
                                    "ItemId": "382",
                                    "MinStack": 20,
                                    "MaxStack": 40,
                                    "Condition": "ITEM_ID Input 709"
                                }
                            ],
                            "MinutesUntilReady": "720"
                        }
                    ],
                    "LoadEffects": [
                        {
                            "Sounds": [
                                {
                                    "Id": "openBox",
                                    "Delay": 0
                                },
                                {
                                    "Id": "fireball",
                                    "Delay": 50
                                }
                            ],
                            "Frames": [
                                1
                            ]
                        }
                    ],
                    "WorkingEffects": [
                        {
                            "Sounds": [
                                {
                                    "Id": "fireball",
                                    "Delay": 50
                                }
                            ],
                            "Frames": [
                                1
                            ]
                        }
                    ],
                    "WorkingEffectChance": 1,
                    "LightWhileWorking": {
                        "Radius": 1.5,
                        "Color": "DarkCyan"
                      },
                    "WobbleWhileWorking": true
                }
            }
        }
    ]
}